{"count":1,"self":42.692527999999996,"total":42.974788,"children":{"InitializeActuators":{"count":3,"self":0.00071099999999999994,"total":0.00071099999999999994,"children":null},"InitializeSensors":{"count":3,"self":0.001687,"total":0.001687,"children":null},"AgentSendState":{"count":2102,"self":0.052511999999999996,"total":0.061938999999999994,"children":{"CollectObservations":{"count":633,"self":0.000463,"total":0.000463,"children":null},"WriteActionMask":{"count":633,"self":0.000589,"total":0.000589,"children":null},"RequestDecision":{"count":633,"self":0.0083749999999999988,"total":0.0083749999999999988,"children":null}}},"DecideAction":{"count":2102,"self":0.124525,"total":0.142531,"children":{"RayPerceptionSensor.Perceive":{"count":1266,"self":0.018005999999999998,"total":0.018005999999999998,"children":null}}},"AgentAct":{"count":2102,"self":0.075078999999999993,"total":0.075078999999999993,"children":null}},"gauges":{"Shooter.CumulativeReward":{"count":15,"max":1.51400185,"min":-0.164001629,"runningAverage":0.4496933,"value":-0.100000545,"weightedAverage":0.478765219}},"metadata":{"timer_format_version":"0.1.0","start_time_seconds":"1700039967","unity_version":"2022.3.10f1","command_line_arguments":"\/Applications\/Unity\/Hub\/Editor\/2022.3.10f1\/Unity.app\/Contents\/MacOS\/Unity -projectpath \/Users\/nicolinemork\/Programmering\/Skole\/AI-fag\/ML-Shooter -useHub -hubIPC -cloudEnvironment production","communication_protocol_version":"1.5.0","com.unity.ml-agents_version":"3.0.0-exp.1","scene_name":"SampleScene","end_time_seconds":"1700040010"}}