{
    "name": "root",
    "metadata": {
        "timer_format_version": "0.1.0",
        "start_time_seconds": "1699804533",
        "python_version": "3.10.12 (main, Jul  5 2023, 15:34:07) [Clang 14.0.6 ]",
        "command_line_arguments": "/Users/nicolinemork/opt/anaconda3/envs/myenv/bin/mlagents-learn Shooter.yaml --run-id=Shooter3 --resume",
        "mlagents_version": "1.0.0",
        "mlagents_envs_version": "1.0.0",
        "communication_protocol_version": "1.5.0",
        "pytorch_version": "2.1.0",
        "numpy_version": "1.21.2",
        "end_time_seconds": "1699804548"
    },
    "total": 15.83096116699744,
    "count": 1,
    "self": 0.008833125000819564,
    "children": {
        "run_training.setup": {
            "total": 0.03283262497279793,
            "count": 1,
            "self": 0.03283262497279793
        },
        "TrainerController.start_learning": {
            "total": 15.789295417023823,
            "count": 1,
            "self": 0.009230494848452508,
            "children": {
                "TrainerController._reset_env": {
                    "total": 7.395349457976408,
                    "count": 1,
                    "self": 7.395349457976408
                },
                "TrainerController.advance": {
                    "total": 8.277169131208211,
                    "count": 721,
                    "self": 0.008373809163458645,
                    "children": {
                        "env_step": {
                            "total": 7.637543011223897,
                            "count": 721,
                            "self": 6.863101526279934,
                            "children": {
                                "SubprocessEnvManager._take_step": {
                                    "total": 0.7679125108988956,
                                    "count": 721,
                                    "self": 0.022136506508104503,
                                    "children": {
                                        "TorchPolicy.evaluate": {
                                            "total": 0.7457760043907911,
                                            "count": 710,
                                            "self": 0.7457760043907911
                                        }
                                    }
                                },
                                "workers": {
                                    "total": 0.006528974045068026,
                                    "count": 721,
                                    "self": 0.0,
                                    "children": {
                                        "worker_root": {
                                            "total": 8.396370184607804,
                                            "count": 721,
                                            "is_parallel": true,
                                            "self": 2.0196646568365395,
                                            "children": {
                                                "steps_from_proto": {
                                                    "total": 0.006844708928838372,
                                                    "count": 1,
                                                    "is_parallel": true,
                                                    "self": 0.0013688340550288558,
                                                    "children": {
                                                        "_process_rank_one_or_two_observation": {
                                                            "total": 0.005475874873809516,
                                                            "count": 6,
                                                            "is_parallel": true,
                                                            "self": 0.005475874873809516
                                                        }
                                                    }
                                                },
                                                "UnityEnvironment.step": {
                                                    "total": 6.369860818842426,
                                                    "count": 721,
                                                    "is_parallel": true,
                                                    "self": 0.034803869551979005,
                                                    "children": {
                                                        "UnityEnvironment._generate_step_input": {
                                                            "total": 0.10194036830216646,
                                                            "count": 721,
                                                            "is_parallel": true,
                                                            "self": 0.10194036830216646
                                                        },
                                                        "communicator.exchange": {
                                                            "total": 5.994411297608167,
                                                            "count": 721,
                                                            "is_parallel": true,
                                                            "self": 5.994411297608167
                                                        },
                                                        "steps_from_proto": {
                                                            "total": 0.23870528338011354,
                                                            "count": 721,
                                                            "is_parallel": true,
                                                            "self": 0.08854237163905054,
                                                            "children": {
                                                                "_process_rank_one_or_two_observation": {
                                                                    "total": 0.150162911741063,
                                                                    "count": 4326,
                                                                    "is_parallel": true,
                                                                    "self": 0.150162911741063
                                                                }
                                                            }
                                                        }
                                                    }
                                                }
                                            }
                                        }
                                    }
                                }
                            }
                        },
                        "trainer_advance": {
                            "total": 0.6312523108208552,
                            "count": 721,
                            "self": 0.012577967252582312,
                            "children": {
                                "process_trajectory": {
                                    "total": 0.42065492761321366,
                                    "count": 721,
                                    "self": 0.42065492761321366
                                },
                                "_update_policy": {
                                    "total": 0.19801941595505923,
                                    "count": 1,
                                    "self": 0.09008804091718048,
                                    "children": {
                                        "TorchPOCAOptimizer.update": {
                                            "total": 0.10793137503787875,
                                            "count": 1,